,0
0,-0.014365315
1,-0.01432537
2,0.051028643
3,-0.03172771
4,0.022261152
5,-0.02786749
6,0.041515242
7,-0.054187056
8,0.035971474
9,-0.031069562
10,-0.057155363
11,-0.026830923
12,0.040735707
13,0.13475318
14,0.030323295
15,-0.030557739
16,-0.012748203
17,0.038433943
18,0.017424008
19,-0.035551365
20,-0.094076626
21,0.023060936
22,-0.10011345
23,-0.001014309
24,-0.014491104
25,-0.013206057
26,-0.085350506
27,0.106702454
28,-0.12859756
29,0.017851453
30,-0.037601724
31,-0.051697556
32,0.0279737
33,-0.027989525
34,-0.039554086
35,-0.038998198
36,-0.11136903
37,0.09915339
38,0.042708
39,-0.016373908
40,0.0709527
41,0.009684726
42,0.06023441
43,-0.09691503
44,-0.023333639
45,-0.029888948
46,0.0054941177
47,0.085091114
48,-0.10410712
49,-0.026930131
50,-0.048995737
51,0.079533465
52,-0.004440007
53,-0.010634154
54,-0.056293678
55,-0.07641414
56,-0.039543062
57,-0.09513966
58,-0.004480545
59,-0.021388013
60,0.088209376
61,0.0075629363
62,0.0546905
63,0.014064237
64,-0.052571177
65,0.08329722
66,-0.035264846
67,0.050041225
68,-0.006326054
69,-0.03779625
70,0.04448438
71,-0.00555169
72,0.03749235
73,0.004980877
74,-0.1035363
75,0.017469738
76,-0.048758548
77,-0.07916021
78,-0.017117877
79,0.04819379
80,0.013982691
81,0.010407874
82,0.07119521
83,-0.05418802
84,-0.0068900115
85,0.03781123
86,-0.06357947
87,0.12072217
88,-0.00067494804
89,0.044043753
90,-0.047999855
91,0.08944035
92,0.028476285
93,-0.040208887
94,0.0467511
95,-0.052086227
96,0.06169971
97,0.0583526
98,0.11417819
99,-0.051842187
100,0.02854186
101,0.05817135
102,-0.0660008
103,-0.08177022
104,-0.10987934
105,-0.046842087
106,0.00786522
107,-0.02538581
108,0.025863035
109,-0.08391042
110,-0.1077028
111,0.014821032
112,0.05960564
113,-0.06647188
114,0.08839921
115,0.05969646
116,-0.1227497
117,0.03988965
118,0.04872195
119,-0.055492893
120,-0.044362195
121,-0.1080045
122,0.03199845
123,-0.021405442
124,-0.09418041
125,-0.13275586
126,0.0039367815
127,0.094535105
128,-0.025811503
129,0.01837791
130,-0.10413971
131,0.0035429397
132,-0.09759121
133,-0.037331976
134,-0.05931634
135,0.114348635
136,-0.08493985
137,-0.07458434
138,0.008524741
139,0.072954364
140,-0.043191686
141,0.07482197
142,0.027048118
143,-0.051759113
144,-0.070481494
145,-0.021127127
146,0.073544554
147,-0.039220687
148,-0.077519946
149,-0.00065571663
150,-0.028126257
151,-0.027624901
152,0.035648257
153,-0.05333609
154,0.029319746
155,-0.00744848
156,0.011740545
157,0.09418197
158,-0.016120095
159,0.04093825
160,-0.061680805
161,0.0040313103
162,0.07565356
163,-0.054131284
164,0.053576987
165,-0.099233985
166,-0.012135426
167,0.055972293
168,0.082786225
169,0.04272696
170,-0.121534
171,0.06974257
172,-0.062621996
173,0.012503851
174,-0.0062412545
175,-0.03913587
176,-0.045814633
177,-0.13898501
178,0.11245392
179,0.06638566
180,-0.07294245
181,0.05628399
182,0.05888749
183,0.034404915
184,0.033066247
185,-0.07580184
186,0.09810705
187,0.073512465
188,0.06545353
189,0.04318996
190,-0.05192812
191,0.100468576
192,-0.10253101
193,0.09431944
194,-0.07529027
195,-0.07001649
196,0.06946891
197,-0.1324169
198,-0.09570005
199,-0.0005376766
200,-0.052665833
201,0.0215413
202,0.024526333
203,-0.014504668
204,-0.107995905
205,-0.051163487
206,0.028193446
207,0.077716716
208,0.031729564
209,-0.038682688
210,-0.08512186
211,-0.046009798
212,0.10186964
213,-0.051489376
214,-0.06707367
215,-0.06064009
216,-0.03043631
217,0.014401681
218,-0.08287903
219,-0.12105173
220,0.080390535
221,-0.031825814
222,-0.012220712
223,0.04062168
224,-0.07827594
225,0.049804237
226,0.113066904
227,0.051296458
228,-0.08672849
229,-0.08456922
230,0.010890708
231,0.071526326
232,0.08321462
233,-0.03794987
234,0.032685578
235,-0.07238775
236,0.085569374
237,-0.060585044
238,0.07465585
239,-0.013213344
240,0.01301779
241,0.008406718
242,-0.015926223
243,-0.08971901
244,0.00954037
245,-0.104029894
246,0.081884675
247,-0.048859514
248,0.0031074171
249,0.06279338
250,-0.12173235
251,-0.017282523
252,-0.08726643
253,-0.0581925
254,-0.07371777
255,-0.014778393
256,-0.046374
257,0.04267936
258,-0.093396425
259,0.03192273
260,-0.039696854
261,0.008341737
262,0.056859683
263,0.03329718
264,-0.0035462212
265,-0.06941126
266,-0.052841622
267,0.103590906
268,-0.09395566
269,0.049376942
270,-0.013643529
271,0.11570385
272,0.059152644
273,-0.038476072
274,0.048961513
275,0.03511582
276,-0.06311077
277,-0.0029090305
278,-0.05057059
279,-0.10038617
280,0.0081618335
281,0.1099499
282,0.084252074
283,0.008251278
284,0.06214038
285,-0.030092372
286,0.019950993
287,-0.14219713
288,0.13806908
289,0.120941654
290,-0.07004121
291,-0.08892882
292,0.13388684
293,-0.018817522
294,-0.026348922
295,0.04280197
296,-0.026295869
297,0.10015148
298,0.085303724
299,0.00064082094
300,-0.010613425
301,-0.08921049
302,0.0832428
303,-0.06823439
304,-0.03266937
305,-0.041656155
306,-0.023729354
307,-0.07775454
308,-0.034202997
309,0.007626202
310,0.042780675
311,-0.062217567
312,0.054642025
313,-0.05428077
314,-0.10102388
315,-0.06965073
316,-0.096634574
317,0.014468583
318,0.04507003
319,0.110012196
320,-0.061315905
321,-0.065874204
322,-0.024710517
323,-0.0638508
324,0.07598396
325,0.05087717
326,0.14570725
327,0.017903805
328,-0.014041743
329,0.017570592
330,0.10653794
331,0.097052544
332,0.01413542
333,-0.01755422
334,-0.110067174
335,-0.05104346
336,-0.03214329
337,0.082703814
338,-0.0055547925
339,0.0486234
340,-0.089454286
341,-0.015024069
342,-0.11738876
343,0.08129477
344,0.051939055
345,0.028966613
346,0.025962569
347,0.11244768
348,0.027215995
349,0.032436874
350,0.0077181896
351,-0.009241634
352,0.04917883
353,0.018781448
354,-0.09870122
355,-0.0028465358
356,0.027093846
357,-0.020392492
358,-0.047329612
359,0.021606648
360,0.020830058
361,0.038428407
362,0.07086791
363,0.04028367
364,-0.028437296
365,-0.08274785
366,0.08140999
367,-0.049776353
368,-0.000979072
369,0.1322134
370,-0.028717628
371,-0.060533606
372,0.06864473
373,0.1103504
374,-0.0875474
375,0.07716103
376,0.021129787
377,-0.10554972
378,-0.11777618
379,-0.11270902
380,-0.07949257
381,-0.064832024
382,-0.023331903
383,-0.09838239
384,0.017696952
385,-0.04276354
386,0.0669867
387,-0.018309155
388,-0.07310253
389,0.037821542
390,-0.10233408
391,0.025309583
392,0.02752315
393,-0.056485213
394,-0.039852127
395,0.104205176
396,-0.016817702
397,0.0064313775
398,0.0093909325
399,0.08007865
400,-0.09069164
401,-0.060534477
402,-0.017803289
403,-0.086641476
404,0.09935797
405,-0.015046746
406,0.13776429
407,-0.039477676
408,-0.12882681
409,-0.057942882
410,-0.021256955
411,0.115685545
412,-0.0039021503
413,0.089396514
414,-0.08188473
415,-0.0036417164
416,0.053288665
417,0.037632957
418,-0.045876797
419,-0.005029276
420,-0.09806411
421,-0.041498244
422,0.113298945
423,0.098826945
424,-0.009602645
425,-0.10710097
426,0.045089167
427,0.066115335
428,0.07636828
429,0.044902653
430,0.04425657
431,0.07524773
432,0.031292845
433,0.007236479
434,0.084220104
435,-0.05236624
436,-0.019130856
437,0.107380405
438,0.007656596
439,0.080735035
440,0.06486662
441,0.10469047
442,-0.02337778
443,0.08536663
444,-0.014794233
445,-0.08491188
446,0.07337758
447,0.08464984
448,0.06757662
449,0.076911435
450,-0.005314393
451,-0.055658896
452,-0.0035463162
453,-0.10636275
454,-0.024978053
455,0.021130934
456,0.008275798
457,-0.019602384
458,-0.05010926
459,-0.06384357
460,0.053610228
461,0.040719904
462,-0.088924214
463,-0.02787943
464,0.046561386
465,-0.11624296
466,-0.027695812
467,0.025680207
468,0.0054680565
469,0.11843159
470,0.024715843
471,0.105239205
472,0.07380356
473,0.0022412655
474,-0.023940602
475,-0.054389663
476,-0.020675683
477,0.0063347025
478,-0.007839707
479,0.05189118
480,0.08715869
481,-0.017841503
482,0.047272854
483,0.04284289
484,-0.12026769
485,-0.049039006
486,-0.047345825
487,-0.028199919
488,-0.021399312
489,0.118261695
490,-0.022047626
491,0.022366686
492,0.07991703
493,0.058245845
494,0.042882036
495,-0.10354862
496,0.09782479
497,-0.050749388
498,-0.09804506
499,0.010076394
500,-0.101439916
501,-0.049925204
502,-0.054621898
503,-0.03982851
504,-0.048885327
505,0.06820194
506,0.11342981
507,-0.0120803565
508,0.054444525
509,0.045777354
510,0.06907567
511,0.011757502
512,0.084383674
513,-0.052227285
514,-0.09405345
515,0.14643985
516,-0.079057135
517,-0.044617917
518,-0.055227023
519,0.1513187
520,-0.03271395
521,0.10637572
522,0.08956653
523,0.010565806
524,-0.05788255
525,0.017268457
526,-0.059428103
527,-0.09395646
528,-0.059936482
529,-0.018871458
530,-0.06300294
531,0.0058418172
532,0.02420581
533,-0.10762201
534,-0.07938351
535,-0.039137088
536,0.018559825
537,0.008548716
538,-0.098126814
539,-0.05751925
540,-0.04388246
541,0.09593468
542,0.06576969
543,0.103045925
544,-0.008478386
545,0.11419078
546,0.04055933
547,0.017975615
548,-0.08482846
549,0.021638786
550,-0.041321237
551,0.023643656
552,-0.04015101
553,-0.032725032
554,-0.018192966
555,0.09839513
556,0.054063845
557,0.082892336
558,-0.07978417
559,-0.045692217
560,0.012130709
561,-0.08069568
562,0.027241955
563,-0.10529497
564,-0.06517762
565,-0.121268
566,0.091741025
567,0.043555915
568,0.015711172
569,-0.028742634
570,0.021219928
571,0.025434636
572,0.039438494
573,-0.10560685
574,-0.1020503
575,-0.044325933
576,0.05466417
577,-0.035989456
578,-0.06056928
579,-0.048286878
580,-0.062598705
581,0.009225216
582,0.12086815
583,-0.020752784
584,-0.03766148
585,-0.04486359
586,-0.016688146
587,-0.08482676
588,-0.062678166
589,0.07345505
590,0.033090975
591,0.0077318004
592,-0.02946777
593,-0.06539564
594,-0.005362956
595,-0.08688196
596,-0.096207455
597,0.044315007
598,-0.10006392
599,0.0021618097
600,-0.097044475
601,-0.10490712
602,0.03778397
603,0.014341513
604,-0.06868154
605,-0.014380993
606,-0.044411235
607,0.077152066
608,0.1211059
609,0.018231822
610,-0.022007871
611,0.06294498
612,0.06258882
613,0.090051755
614,-0.01856693
615,0.017626809
616,0.07295549
617,0.0052424353
618,0.050746333
619,0.047226902
620,-0.05346485
621,0.03504777
622,-0.047853667
623,-0.06563031
624,0.08137598
625,0.0349143
626,-0.008671485
627,0.0127467755
628,-0.050573204
629,0.07077782
630,-0.09999959
631,-0.082280345
632,0.08304352
633,-0.06193162
634,-0.026596423
635,0.09148701
636,-0.0768405
637,0.113903984
638,0.03077837
639,-0.039575532
640,0.027795918
641,-0.009115867
642,0.06728034
643,-0.01420925
644,-0.1071863
645,0.0783214
646,-0.10323129
647,-0.053743575
648,-0.04720443
649,0.08461436
650,-0.035781775
651,-0.0038208584
652,-0.015986722
653,-0.06832912
654,-0.021644061
655,0.05558488
656,0.05144867
657,0.021144453
658,-0.0037455398
659,-0.034032945
660,-0.033143844
661,0.0863266
662,0.04116397
663,0.04250869
664,-0.010491213
665,-0.05499063
666,0.016405798
667,0.0638955
668,-0.016501212
669,0.065680295
670,0.022005484
671,-0.009686158
672,-0.032095168
673,-0.033669934
674,-0.06742001
675,0.03266233
676,0.10244516
677,-0.032443907
678,-0.021491231
679,-0.049116474
680,0.11651922
681,0.111764
682,0.075568855
683,-0.03180588
684,0.1034933
685,-0.06573542
686,0.059928782
687,0.04981782
688,-0.072973765
689,-0.080540456
690,0.033606257
691,0.08056746
692,0.053745028
693,-0.02478148
694,0.044540975
695,-0.047627993
696,0.053848825
697,-0.0063979914
698,-0.025363585
699,-0.09332041
700,-0.028553477
701,0.018855259
702,0.07054929
703,-0.004377668
704,0.02901246
705,-0.013714553
706,-0.06114283
707,0.03810475
708,-0.009280151
709,0.087380975
710,0.0033666024
711,-0.012981753
712,-0.08491883
713,-0.03084404
714,-0.085602105
715,0.035240762
716,-0.064102486
717,-0.037762865
718,-0.03138786
719,0.06892674
720,-0.029079461
721,0.05364992
722,0.07275962
723,0.053168572
724,0.08603635
725,0.005304832
726,0.004208343
727,-0.02298442
728,-0.06624985
729,0.029161688
730,-0.09841511
731,0.0071936604
732,0.06906908
733,0.00915883
734,0.029679505
735,-0.08070327
736,-0.052575607
737,-0.06921761
738,-0.027417002
739,-0.006078111
740,0.07019646
741,-0.013339349
742,-0.048593037
743,0.011974523
744,-0.098144144
745,-0.10747561
746,0.055443883
747,-0.009158563
748,0.021317093
749,0.042888194
750,-0.10057857
751,0.007768308
752,0.05543096
753,0.012218213
754,0.10634559
755,0.047831114
756,0.0023969857
757,0.087381676
758,-0.082084194
759,0.10909666
760,-0.08909877
761,-0.043536887
762,-0.059531644
763,-0.071427666
764,0.018407647
765,0.072821945
766,0.039691336
767,-0.060606178
768,0.040006775
769,0.019163871
770,-0.052143637
771,-0.009633717
772,-0.07464119
773,0.010967502
774,-0.11504739
775,-0.018299239
776,-0.052737664
777,-0.010347274
778,-0.046794705
779,-0.0061318465
780,-0.08853539
781,-0.036850784
782,-0.08712172
783,0.049827114
784,-0.0039835554
785,-0.06827241
786,-0.030712374
787,-0.01039321
788,-0.06899614
789,-0.045121145
790,0.0275913
791,0.026093595
792,-0.087915905
793,-0.015207491
794,-0.102977365
795,-0.07273327
796,-0.03817797
797,0.061247617
798,-0.108320005
799,0.030949794
800,-0.01642447
801,0.051753893
802,0.04533585
803,0.01783383
804,-0.004141798
805,0.024010727
806,-0.0837284
807,0.041222103
808,-0.040581957
809,0.11670583
810,-0.014216323
811,0.04291436
812,0.08442459
813,-0.093235165
814,0.028314272
815,0.010665236
816,-0.13051744
817,0.05588014
818,0.011250776
819,-0.05695072
820,0.05125699
821,-0.0050010122
822,-0.08926488
823,-0.058692005
824,-0.021629367
825,-0.058111638
826,-0.008135464
827,0.097755335
828,-0.005575202
829,0.09406525
830,0.060681988
831,0.09253842
832,-0.120800525
833,0.068082705
834,0.038203593
835,-0.107678756
836,0.019899126
837,0.06318529
838,-0.044860046
839,0.023969134
840,-0.051563233
841,-0.017345423
842,-0.0074641863
843,0.03267567
844,-0.091243185
845,-0.09458561
846,-0.06731287
847,0.008461157
848,0.02356398
849,0.06683533
850,-0.09283345
851,-0.08120402
852,-0.02624225
853,0.007783085
854,-0.008618176
855,0.0048459726
856,-0.034837496
857,0.06071345
858,-0.0519001
859,-0.11026349
860,-0.03796384
861,0.05191322
862,-0.09159118
863,0.001153717
864,-0.068566196
865,-0.008875814
866,0.011765973
867,0.010581133
868,0.12644368
869,-0.08442663
870,-0.026365224
871,0.061281793
872,0.04673091
873,-0.09110384
874,-0.056349754
875,0.015561671
876,0.07213529
877,-0.033782598
878,-0.010500998
879,-0.021296613
880,-0.050414845
881,0.016214348
882,0.081208855
883,-0.020221919
884,-0.06232659
885,-0.02065755
886,0.044600155
887,-0.06958903
888,0.12586658
889,0.053118356
890,0.0055426997
891,-0.07374635
892,0.019825038
893,-0.09971357
894,-0.07504806
895,0.037315596
896,0.13009518
897,-0.0031137588
898,-0.020219311
899,0.04091749
900,-0.10352095
901,0.045818746
902,0.09806101
903,-0.08232133
904,0.01630372
905,-0.040397152
906,0.07911627
907,-0.06310791
908,-0.09439606
909,0.11362223
910,-0.042308006
911,0.0984443
912,0.051334947
913,0.09342998
914,0.048216302
915,0.08622575
916,0.06232004
917,0.012879744
918,-0.0011671929
919,-0.015837712
920,0.010273477
921,0.033512052
922,-0.011168275
923,-0.0076186014
924,0.020956993
925,0.05161772
926,0.055627253
927,0.015057365
928,0.06675268
929,-0.0056004096
930,0.0074516255
931,-0.091408305
932,-0.049509812
933,0.015146074
934,-0.12169385
935,0.08607248
936,0.1399263
937,0.061804492
938,-0.07405124
939,0.03939239
940,-0.044230185
941,-0.012508456
942,-0.114713065
943,0.09480105
944,-0.11120779
945,-0.052911084
946,0.011288583
947,-0.01520858
948,0.019008586
949,0.011827032
950,0.08290052
951,0.08890166
952,-0.1213693
953,-0.057053134
954,-0.07077367
955,-0.059368763
956,0.06638514
957,0.09341729
958,0.05344078
959,0.023539769
960,0.050970957
961,0.10059837
962,0.04656341
963,0.009621869
964,-0.02150911
965,-0.055770632
966,-0.0940241
967,-0.12217077
968,-0.094173454
969,0.019323036
970,-0.031654887
971,0.05651875
972,0.01937844
973,-0.0002564179
974,0.049879875
975,-0.00076228194
976,0.01901679
977,0.07676691
978,0.019077044
979,-0.1305864
980,0.02941928
981,0.06882179
982,-0.0216196
983,0.0019156039
984,-0.050054174
985,0.11577331
986,0.009221663
987,0.07801756
988,-0.041551743
989,-0.030163985
990,0.11059309
991,0.067581646
992,0.024806425
993,-0.004092238
994,0.008764472
995,-0.040212605
996,-0.061011363
997,0.05689762
998,-0.0030572633
999,0.030822547
1000,-0.085722685
1001,0.011134112
1002,0.038325872
1003,-0.038712602
1004,0.06139077
1005,-0.045374725
1006,0.043832153
1007,-0.037566997
1008,-0.08136582
1009,0.09762615
1010,-0.011446327
1011,-0.052787516
1012,-0.026037052
1013,-0.10433079
1014,0.00040839627
1015,0.06738144
1016,0.095996134
1017,-0.073009655
1018,0.009774878
1019,0.05583182
1020,-0.105902314
1021,-0.020279285
1022,0.09033609
1023,-0.010771408
1024,-0.07696995
1025,-0.0702574
1026,0.08748805
1027,0.06728393
1028,0.06389838
1029,0.0605147
1030,-0.022359144
1031,-0.072747216
1032,-0.03496418
1033,-0.018280338
1034,0.032934558
1035,-0.03210838
1036,-0.00516985
1037,0.02260567
1038,0.05927247
1039,0.080591574
1040,-0.08545865
1041,-0.01235344
1042,0.035172716
1043,-0.104119346
1044,0.009103834
1045,-0.00780355
1046,-0.078447305
1047,0.045961037
1048,-0.057476223
1049,-0.016814463
1050,-0.09528198
1051,0.0339966
1052,0.05429524
1053,0.09553296
1054,0.0937363
1055,-0.12974499
1056,-0.04079567
1057,0.052037027
1058,-0.020865804
1059,-0.025770774
1060,0.029292293
1061,0.11543124
1062,-0.010273488
1063,0.059747048
1064,-0.03384016
1065,0.017320095
1066,0.038703296
1067,-0.038696237
1068,-0.005302635
1069,0.032570213
1070,0.0071975896
1071,-0.08286087
1072,-0.051011402
1073,0.042344674
1074,-0.022999972
1075,-0.11159756
1076,-0.009427301
1077,0.11318362
1078,-0.07084445
1079,0.02886838
1080,-0.04014054
1081,0.09423025
1082,-0.057931364
1083,-0.033402048
1084,-0.06816943
1085,0.014109067
1086,-0.029048637
1087,0.02427348
1088,-0.01939527
1089,-0.028319448
1090,0.054519605
1091,0.09393281
1092,-0.024096437
1093,0.0506108
1094,-0.12577076
1095,-0.042664222
1096,0.028085474
1097,0.04128424
1098,-0.068700716
1099,-0.047600374
1100,0.038906526
1101,-0.05750967
1102,0.056021787
1103,-0.083247155
1104,-0.00652703
1105,-0.048802704
1106,0.119629845
1107,0.05665733
1108,-0.016907066
1109,0.12120826
1110,0.069237635
1111,0.0948885
1112,0.071591265
1113,-0.037635747
1114,0.023965508
1115,-0.011727414
1116,0.065456405
1117,0.037526205
1118,0.002333493
1119,0.05503393
1120,-0.08098325
1121,-0.052787736
1122,0.13095985
1123,-0.01941
1124,-0.058594417
1125,0.06414308
1126,0.060442142
1127,0.042948797
1128,-0.000663965
1129,-0.063676156
1130,0.00015293629
1131,0.081492744
1132,0.057331935
1133,0.09495716
1134,0.029695742
1135,0.025859892
1136,0.031889606
1137,0.03851026
1138,-0.08467826
1139,-0.09347631
1140,-0.102245115
1141,-0.001015571
1142,-0.058539737
1143,-0.04832377
1144,-0.087082
1145,-0.023005052
1146,-0.008692228
1147,-0.06260808
1148,-0.050590858
1149,0.03267874
1150,-0.08261434
1151,0.08783169
1152,0.05613274
1153,0.10682027
1154,-0.004986116
1155,-0.07704326
1156,-0.048072256
1157,-0.03172601
1158,0.12462766
1159,0.097949624
1160,-0.102266215
1161,0.0032046286
1162,-0.117473416
1163,-0.087000184
1164,-0.07401209
1165,0.009602236
1166,0.074279845
1167,0.01836445
1168,-0.013130782
1169,-0.0055223093
1170,-0.11071385
1171,0.0684582
1172,0.012609441
1173,-0.069201395
1174,-0.071526214
1175,0.007249616
1176,0.096629456
1177,-0.14435357
1178,-0.019660462
1179,0.113762915
1180,-0.12147616
1181,-0.032517973
1182,0.0004900079
1183,0.060972296
1184,-0.041521862
1185,-0.106433734
1186,-0.049366474
1187,-0.0021218574
1188,0.1251263
1189,0.04561413
1190,-0.11307462
1191,0.0487753
1192,0.018146625
1193,0.019358171
1194,-0.048380166
1195,-0.015031696
1196,-0.15180092
1197,0.08561886
1198,-0.046792954
1199,-0.07313543
1200,0.10406405
1201,-0.08919523
1202,0.052997
1203,0.077016465
1204,-0.09376554
1205,-0.013352973
1206,0.0027519665
1207,0.1141649
1208,-0.062253475
1209,0.051812112
1210,0.098662764
1211,0.1176084
1212,-0.02651773
1213,-0.14103583
1214,0.057631582
1215,-0.053561803
1216,-0.04111401
1217,0.026818378
1218,-0.041701782
1219,-0.03267597
1220,-0.012852693
1221,0.11306004
1222,0.058612548
1223,-0.08017256
1224,0.04703645
1225,0.09379837
1226,0.0043475493
1227,0.07659731
1228,0.12972167
1229,0.017158449
1230,0.092192054
1231,-0.006694081
1232,0.112583
1233,0.027586313
1234,-0.112849236
1235,0.10045282
1236,-0.08725199
1237,0.002022688
1238,0.013986605
1239,0.019469662
1240,0.03123883
1241,0.08057879
1242,0.0912465
1243,-0.07159624
1244,0.057268456
1245,-0.058288928
1246,0.015577678
1247,-0.097620286
1248,-0.06286472
1249,0.0037645935
1250,-0.1111271
1251,0.0610248
1252,0.06481197
1253,-0.03663621
1254,0.064472675
1255,-0.04329708
1256,-0.007654486
1257,0.066755354
1258,-0.022702852
1259,0.10187481
1260,0.044227865
1261,0.019404922
1262,-0.07271898
1263,0.009609747
1264,-0.07373054
1265,-0.033055685
1266,0.028677452
1267,-0.11747832
1268,0.0013538206
1269,-0.056783736
1270,-0.07307956
1271,-0.10564858
1272,0.07090769
1273,-0.08412998
1274,-0.07981406
1275,0.10138971
1276,0.11225836
1277,0.019375846
1278,0.0792338
1279,-0.09712136
1280,-0.079635486
1281,-0.07370232
1282,0.14120878
1283,0.10542049
1284,-0.09571978
1285,-8.641882e-05
1286,4.1160267e-05
1287,0.021840723
1288,-0.100632586
1289,-0.010161872
1290,-0.007038344
1291,0.01636523
1292,0.04752148
1293,-0.108849734
1294,-0.060833577
1295,0.0349968
1296,-0.057449937
1297,-0.04800152
1298,-0.071317896
1299,-0.022828078
1300,-0.10681604
1301,-0.012593447
1302,0.009589765
1303,-0.013910088
1304,-0.02107168
1305,0.028206455
1306,-0.06002901
1307,-0.037940226
1308,0.061446305
1309,-0.0041197813
1310,-0.0734029
1311,0.11660815
1312,-0.040976763
1313,-0.06253943
1314,0.015613388
1315,0.027502425
1316,0.09454407
1317,0.046345383
1318,0.10434452
1319,-0.03166089
1320,-0.009385381
1321,-0.0016574564
1322,-0.0736962
1323,-0.070642784
1324,-0.024227504
1325,-0.10359176
1326,-0.049137212
1327,0.036533035
1328,0.0033060296
1329,-0.055202197
1330,0.06974844
1331,0.07202809
1332,0.0908785
1333,-0.013679878
1334,-0.046907257
1335,-0.00947709
1336,-0.0018812066
1337,-0.0474346
1338,-0.0030235643
1339,-0.11485456
1340,0.038369074
1341,0.03447919
1342,-0.042662457
1343,-0.04059027
1344,-0.11909378
1345,-0.08170486
1346,-0.04536577
1347,0.012721215
1348,0.08041389
1349,-0.015227999
1350,0.013888961
1351,-0.033802543
1352,0.027429806
1353,-0.021054003
1354,-0.02856882
1355,-0.00864394
1356,0.0043724696
1357,0.05957266
1358,-0.027095346
1359,0.06211894
1360,-0.022465983
1361,0.08084529
1362,-0.11976386
1363,-0.07305247
1364,0.0056613823
1365,-0.025510907
1366,-0.0023477802
1367,-0.0088009015
1368,0.0147825945
1369,-0.025296995
1370,0.03783689
1371,0.0826722
1372,-0.13007751
1373,-0.035492912
1374,0.0024548117
1375,-0.07159875
1376,0.10402723
1377,-0.05422411
1378,0.001733461
1379,0.056789655
1380,-0.024663465
1381,0.07484285
1382,-0.10076798
1383,0.03862864
1384,-0.059805322
1385,0.09974217
1386,0.100678705
1387,0.08866469
1388,-0.028552463
1389,0.07201043
1390,0.1141436
1391,0.04173232
1392,0.092717096
1393,-0.070421055
1394,-0.08908761
1395,0.041855667
1396,0.06845386
1397,-0.09496254
1398,-0.0077237105
1399,-0.07140617
1400,-0.023801764
1401,-0.08630005
1402,0.081205554
1403,-0.05380008
1404,0.01997591
1405,-0.099439174
1406,0.023401506
1407,0.081240535
1408,-0.057002317
1409,0.03667434
1410,0.00078905653
1411,-0.028533507
1412,0.051083013
1413,-0.0119808605
1414,-0.017793572
1415,0.035434943
1416,0.11256216
1417,0.084534526
1418,0.018545285
1419,0.08658105
1420,-0.10233262
1421,0.0047151404
1422,0.06649127
1423,-0.010037562
1424,-0.043955605
1425,-0.04584174
1426,0.010695379
1427,0.051143225
1428,0.07563195
1429,0.01114976
1430,-0.031863548
1431,-0.0085130455
1432,-0.086682364
1433,0.09204987
1434,-0.023176694
1435,-0.09474844
1436,-0.0015921532
1437,0.037578434
1438,0.07932825
1439,0.06143414
1440,0.08328467
1441,-0.107685976
1442,0.10490399
1443,-0.0020367613
1444,-0.10659169
1445,0.013297137
1446,0.029805232
1447,0.12614876
1448,0.09065494
1449,-0.009155025
1450,0.049093056
1451,0.008946976
1452,0.07685926
1453,-0.048468903
1454,-0.054098334
1455,-0.06916423
1456,-0.09034098
1457,-0.078951344
1458,-0.033423595
1459,0.007808201
1460,-0.028523635
1461,0.09042847
1462,-0.118267104
1463,-0.0339463
1464,-0.07303136
1465,0.0579128
1466,-0.1006737
1467,0.05317004
1468,-0.01083092
1469,0.00797043
1470,0.03801123
1471,0.06192624
1472,0.075237036
1473,-0.031854507
1474,-0.0948455
1475,0.034686398
1476,0.0053827935
1477,0.027823167
1478,0.100342125
1479,0.062368616
1480,-0.027312374
1481,-0.047041122
1482,0.089870855
1483,0.01056497
1484,-0.10529801
1485,-0.041200586
1486,0.057486292
1487,0.098926306
1488,0.09533172
1489,-0.016125113
1490,0.10435179
1491,-0.059704985
1492,0.011907982
1493,-0.07311677
1494,-0.08798189
1495,0.087478526
1496,0.036752332
1497,0.10178654
1498,-0.11498605
1499,0.06294912
1500,-0.01726002
1501,-0.08056206
1502,-0.0830531
1503,-0.055783138
1504,0.001055043
1505,0.037436675
1506,-0.07145129
1507,-0.08380638
1508,-0.050020523
1509,0.12870415
1510,-0.04706958
1511,-0.08270125
1512,0.06186602
1513,-0.08468494
1514,0.04192315
1515,-0.025488961
1516,-0.0046549635
1517,-0.07898442
1518,-0.10550571
1519,0.14729542
1520,-0.051398866
1521,0.088824
1522,-0.075030364
1523,-0.092127934
1524,-0.05604964
1525,-0.049041092
1526,-0.038971055
1527,0.0016828545
1528,-0.08642697
1529,0.057029225
1530,-0.04450889
1531,0.094089955
1532,0.07274163
1533,0.035565745
1534,-0.04323039
1535,0.10432421
1536,0.051650435
1537,-0.026837671
1538,-0.10014865
1539,-0.057824634
1540,-0.011156954
1541,-0.0663538
1542,0.024556654
1543,-0.015151232
1544,-0.11233873
1545,-0.09879574
1546,-0.014101236
1547,-0.076630555
1548,0.0033044578
1549,-0.079667106
1550,-0.014867997
1551,0.08037801
1552,0.020365186
1553,0.06740265
1554,0.0050841765
1555,0.08640225
1556,0.005499503
1557,0.046502512
1558,0.10949886
1559,0.066026315
1560,0.03824687
1561,0.0069780536
1562,0.06518842
1563,-0.021446701
1564,-0.034811605
1565,-0.014315656
1566,0.033509493
1567,0.060540948
1568,-0.013145827
1569,-0.01877272
1570,0.010020132
1571,0.07541876
1572,-0.015898395
1573,-0.0037148732
1574,-0.08201852
1575,0.15985818
1576,-0.008412641
1577,0.07932143
1578,-0.001976439
1579,0.050514016
1580,-0.02370229
1581,0.04773814
1582,0.019297348
1583,-0.11640772
1584,-0.008530419
1585,-0.061951414
1586,-0.13179776
1587,-0.022564664
1588,-0.012520598
1589,-0.059888933
1590,-0.03529915
1591,0.043705802
1592,0.07531917
1593,-0.011784579
1594,-0.013025736
1595,-0.066562176
1596,-0.028726589
1597,0.0068019163
1598,-0.021152262
1599,0.038494956
1600,-0.076383084
1601,0.008327905
1602,0.086164884
1603,-0.063829936
1604,0.034803983
1605,0.027536012
1606,0.023665752
1607,0.10708821
1608,-0.0038714893
1609,0.015405136
1610,-0.041354325
1611,-0.014357546
1612,0.06760098
1613,0.124201
1614,-0.09389283
1615,-0.0680306
1616,-0.067204244
1617,-0.011798461
1618,0.054203805
1619,-0.063758925
1620,-0.07824033
1621,0.039157268
1622,0.011345798
1623,-0.092664376
1624,-0.021742262
1625,-0.07931441
1626,-0.09755922
1627,-0.012743216
1628,-0.009258713
1629,-0.08525985
1630,-0.07257436
1631,0.07670255
1632,0.051201217
1633,0.08188402
1634,-0.07027519
1635,0.059120446
1636,-0.07698004
1637,0.067425124
1638,-0.07890213
1639,0.012642357
1640,-0.12100358
1641,0.010328353
1642,-0.07517724
1643,0.047050975
1644,-0.051220708
1645,-0.06404339
1646,0.104741156
1647,0.057483178
1648,-0.040809743
1649,0.011408715
1650,0.039873343
1651,0.0694717
1652,0.046800524
1653,0.08189994
1654,-0.017086264
1655,-0.0639291
1656,-0.09423079
1657,0.082527675
1658,-0.08841455
1659,0.018053263
1660,-0.057911832
1661,0.0007594412
1662,0.019168522
1663,0.014831886
1664,-0.090208
1665,-0.016268771
1666,-0.01954508
1667,-0.12553976
1668,0.08481621
1669,0.112751044
1670,-0.091880746
1671,-0.016667264
1672,-0.039890636
1673,-0.08123795
1674,0.0042195404
1675,0.029022569
1676,0.010801281
1677,0.06018438
1678,-0.021935351
1679,-0.057513826
1680,0.014453563
1681,-0.027409632
1682,-0.012161093
1683,0.03920645
1684,-0.09544474
1685,-0.008156348
1686,0.07355465
1687,-0.06754649
1688,0.08619242
1689,0.08264772
1690,0.06670696
1691,0.08216015
1692,0.08509846
1693,0.098662525
1694,-0.099656865
1695,0.014629557
1696,0.03335837
1697,0.051531903
1698,0.024105601
1699,-0.011248026
1700,-0.024726626
1701,0.09466052
1702,0.050367747
1703,0.0668975
1704,0.039564718
1705,0.09671631
1706,0.040494736
1707,-0.048887108
1708,-0.05005229
1709,0.09578964
1710,-0.006527845
1711,0.10663058
1712,0.060494836
1713,-0.10757912
1714,-0.00053205545
1715,0.094752565
1716,0.07887739
1717,0.054320775
1718,0.024846546
1719,0.070749596
1720,0.0103795715
1721,-0.06828029
1722,-0.08275623
1723,0.056723647
1724,-0.053156212
1725,0.0295072
1726,-0.06533175
1727,-0.062021583
1728,0.047032103
1729,0.11437366
1730,-0.01417016
1731,-0.04770676
1732,-0.013642603
1733,0.09849603
1734,-0.011797608
1735,-0.1089853
1736,0.049492966
1737,0.09713092
1738,-0.11798473
1739,0.049548022
1740,-0.07624716
1741,0.075627804
1742,-0.09277026
1743,-0.10683602
1744,0.053995505
1745,-0.058722187
1746,-0.12691823
1747,-0.03173666
1748,0.092675105
1749,0.009084254
1750,-0.07338651
1751,0.0653796
1752,-0.107577
1753,-0.08059638
1754,-0.09946459
1755,0.014600447
1756,0.04997153
1757,0.070410855
1758,-0.048666112
1759,0.0056660688
1760,0.05737977
1761,0.065477796
1762,-0.030584255
1763,0.057743322
1764,-0.06843359
1765,-0.05087482
1766,-0.016444415
1767,0.0029766858
1768,0.022265622
1769,-0.029226836
1770,-0.00011198701
1771,0.07710008
1772,-0.03753669
1773,-0.08878947
1774,0.01540478
1775,-0.010279286
1776,0.0088951085
1777,0.087654464
1778,0.055854432
1779,-0.10022618
1780,-0.030449951
1781,0.08848482
1782,-0.070197165
1783,-0.09644128
1784,-0.048206016
1785,-0.03992004
1786,0.061340474
1787,0.03600303
1788,0.08402435
1789,-0.08422866
1790,-0.08888221
1791,-0.10714645
1792,0.0049312813
1793,-0.081442215
1794,0.041296422
1795,-0.010614043
1796,-0.03599027
1797,0.0075379405
1798,0.007978512
1799,0.11086518
1800,-0.085571386
1801,-0.00043023005
1802,-0.02385994
1803,-0.082183704
1804,0.020181444
1805,0.01836532
1806,0.04845555
1807,0.016268037
1808,0.10834312
1809,0.08930947
1810,-0.07206549
1811,0.02873593
1812,-0.016518243
1813,-0.08876837
1814,-0.05952789
1815,-0.064404175
1816,0.090232365
1817,0.0517692
1818,0.04475647
1819,0.017829679
1820,-0.12475331
1821,0.05169118
1822,-0.07385345
1823,0.022184826
1824,-0.08297535
1825,0.016836753
1826,-0.10494786
1827,0.09216611
1828,0.018734146
1829,-0.12945515
1830,-0.014005595
1831,0.020391645
1832,0.08073605
1833,-0.06810493
1834,0.05528104
1835,-0.013425608
1836,-0.00020214758
1837,-0.015498419
1838,-0.028359985
1839,0.08159066
1840,-0.10482243
1841,-0.0619945
1842,-0.02625109
1843,-0.08097269
1844,-0.08401281
1845,-0.04551414
1846,0.04373315
1847,0.018174218
1848,0.018009674
1849,-0.03091976
1850,-0.12033454
1851,0.04537138
1852,0.017614156
1853,0.06619842
1854,-0.054739013
1855,0.044608656
1856,-0.0104647465
1857,0.026557341
1858,-0.03545372
1859,0.07800901
1860,0.022525834
1861,-0.009275208
1862,-0.08483551
1863,-0.019987548
1864,-0.08500566
1865,-0.01849413
1866,0.060721964
1867,-0.00275044
1868,-0.049457543
1869,0.037114006
1870,0.01871936
1871,0.082502455
1872,0.0481402
1873,-0.05669606
1874,0.07466047
1875,-0.076829135
1876,0.016405305
1877,0.040704507
1878,-0.097536646
1879,-0.027159913
1880,-0.1072074
1881,0.051673148
1882,0.05853509
1883,-0.0008001586
1884,0.071954295
1885,-0.075720154
1886,-0.1364378
1887,0.10260662
1888,-0.103793114
1889,-0.011562509
1890,-0.015891643
1891,0.039748505
1892,0.00918222
1893,-0.008020234
1894,0.10005772
1895,0.043459073
1896,0.11672789
1897,-0.013114013
1898,-0.040764976
1899,0.11958021
1900,-0.11004239
1901,-0.049372006
1902,0.064633094
1903,0.06573029
1904,-0.03900695
1905,-0.05320947
1906,-0.037643284
1907,0.0040171654
1908,-0.020778432
1909,-0.046050265
1910,0.003216865
1911,0.10222838
1912,0.0760113
1913,-0.09783337
1914,-0.040666256
1915,-0.025482358
1916,-0.013838126
1917,-0.10081987
1918,-0.020049695
1919,-0.050224185
1920,-0.020071236
1921,-0.07939174
1922,0.1439253
1923,0.025242237
1924,0.063448615
1925,-0.012458758
1926,0.09126458
1927,-0.027704086
1928,-0.040766392
1929,-0.020781947
1930,0.022663157
1931,0.052894097
1932,0.022543631
1933,-0.036323614
1934,-0.015469747
1935,-0.024498593
1936,0.08294067
1937,-0.00017402286
1938,0.11376148
1939,0.009604659
1940,-0.08841971
1941,-0.0952844
1942,0.031663205
1943,0.09452005
1944,-0.0579748
1945,-0.08137645
1946,0.094248936
1947,-0.09652679
1948,-0.05751084
1949,-0.0055030556
1950,0.0028311657
1951,0.008796856
1952,0.056287475
1953,-0.036531854
1954,-0.10255742
1955,0.021353716
1956,0.05777086
1957,0.045703586
1958,0.054129824
1959,-0.13587789
1960,0.04187902
1961,-0.06003107
1962,-0.007959573
1963,-0.0164944
1964,0.06223146
1965,-0.113387994
1966,0.041953247
1967,0.13426913
1968,-0.083075695
1969,0.10153713
1970,-0.03740715
1971,-0.07584112
1972,-0.04494752
1973,0.07417991
1974,0.007470716
1975,-0.12320662
1976,0.046837594
1977,0.043402918
1978,-0.033359896
1979,-0.07799346
1980,-0.075793155
1981,-0.033215854
1982,-0.029488001
1983,-0.027064195
1984,0.010372051
1985,0.046375275
1986,0.085782
1987,-0.032822315
1988,-0.07209756
1989,-0.039876834
1990,-0.04087436
1991,0.1031628
1992,0.007437615
1993,-0.0037438197
1994,-0.050875124
1995,0.035995852
1996,-0.031450056
1997,0.016380293
1998,0.09027868
1999,0.009245456
2000,-0.08528239
2001,0.093287915
2002,-0.059647948
2003,0.011835384
2004,0.018019939
2005,0.04323219
2006,-0.03278192
2007,0.06929559
2008,-0.038390566
2009,0.07126144
2010,-0.03926734
2011,0.06001159
2012,0.09939626
2013,0.06624121
2014,-0.044396177
2015,0.0042576212
2016,0.013579614
2017,0.0028138394
2018,-0.00199307
2019,0.051480174
2020,0.11014013
2021,0.11336772
2022,0.06682674
2023,0.028313851
2024,-0.018022414
2025,-0.052447505
2026,0.043530446
2027,-0.047463667
2028,-0.026159042
2029,-0.026274787
2030,0.0014792554
2031,0.05266595
2032,0.035379276
2033,-0.0152913
2034,0.016357124
2035,-0.08448874
2036,0.060945228
2037,0.08126997
2038,0.0472279
2039,-0.014490115
2040,-0.03563933
2041,0.05974819
2042,0.06398027
2043,-0.034865964
2044,0.024618875
2045,-0.09013356
2046,0.028165938
2047,-0.029629936
2048,0.12369422
2049,-0.12178985
2050,0.02722704
2051,0.08961247
2052,-0.0162812
2053,0.00039599068
2054,-0.1258886
2055,0.025527466
2056,-0.096857056
2057,0.030829094
2058,-0.07788391
2059,0.028077198
2060,-0.0634628
2061,0.07373261
2062,0.08871938
2063,-0.01316479
2064,0.034128737
2065,0.12373733
2066,-0.073451325
2067,0.0033313695
2068,-0.09487469
2069,0.05128997
2070,0.046966366
2071,0.043009825
2072,-0.0324986
2073,-0.083167225
2074,0.079818234
2075,-0.08988825
2076,0.021404259
2077,0.004764653
2078,-0.053539082
2079,0.027650729
2080,-0.005180693
2081,0.066580705
2082,-0.116632335
2083,0.0882221
2084,-0.087191075
2085,-0.04273705
2086,0.0960493
2087,-0.024706986
2088,-0.101138964
2089,0.01586846
2090,0.08589729
2091,-0.09785054
2092,0.08365425
2093,-0.10317026
2094,-0.11625389
2095,-0.11121012
2096,-0.0724907
2097,-0.056291208
2098,-0.052741382
2099,0.04396759
2100,-0.087787494
2101,0.09734534
2102,-0.0433928
2103,-0.09673335
2104,-0.041991502
2105,-0.04079822
2106,0.021258749
2107,0.054591186
2108,0.006940699
2109,-0.128375
2110,0.08529462
2111,-0.04104368
2112,0.016481087
2113,0.05376965
2114,0.05132122
2115,0.05064443
2116,0.061995022
2117,0.119216315
2118,0.016793227
2119,-0.025735473
2120,-0.05305832
2121,0.0672158
2122,0.083942674
2123,-0.043168496
2124,-0.039694436
2125,0.00060709554
2126,0.016328909
2127,0.05116085
2128,-0.03874153
2129,-0.074137405
2130,0.0368249
2131,0.052395422
2132,-0.057953525
2133,-0.049810037
2134,-0.06762294
2135,-0.09003054
2136,0.003082872
2137,0.050821017
2138,0.019103248
2139,0.09952328
2140,-0.029026259
2141,0.068107
2142,-0.050742798
2143,0.024170995
2144,0.07756499
2145,-0.0044186115
2146,-0.10169716
2147,0.024063993
2148,0.032331455
2149,0.013795584
2150,0.098126955
2151,-0.076222345
2152,-0.0059098992
2153,-0.13071889
2154,0.009890049
2155,-0.08609709
2156,0.04339367
2157,0.02839306
2158,-0.09617308
2159,0.078164786
2160,-0.06223479
2161,0.00438287
2162,-0.03270702
2163,0.019264702
2164,-0.00011733174
2165,-0.11852577
2166,-0.02927713
2167,0.040274493
2168,0.040907886
2169,0.07652984
2170,-0.05390631
2171,0.015828058
2172,0.027318588
2173,-0.032208964
2174,-0.103390634
2175,0.010771512
2176,0.008345809
2177,0.012407731
2178,-0.00928738
2179,-0.021351771
2180,-0.07599484
2181,0.061930303
2182,-0.05926382
2183,-0.009738319
2184,0.09928739
2185,0.11159687
2186,0.051893186
2187,0.089437895
2188,0.0031873896
2189,0.0026466367
2190,-0.07728681
2191,0.080623746
2192,0.029308377
2193,-0.04384797
2194,-0.01651293
2195,0.05250009
2196,-0.033403307
2197,-0.05806653
2198,0.054453757
2199,-0.02269762
2200,-0.07105163
2201,0.084343135
2202,0.018210182
2203,-0.01721186
2204,0.084862076
2205,0.034439676
2206,0.056099612
2207,-0.0812989
2208,-0.0053377748
2209,0.05823206
2210,0.010579707
2211,0.07228698
2212,0.08905522
2213,0.0020212862
2214,-0.058397885
2215,0.022103366
2216,0.008834104
2217,0.05544227
2218,0.031525273
2219,0.07046572
2220,0.017394928
2221,0.049739473
2222,0.017046547
2223,-0.12443648
2224,-0.08612903
2225,-0.010838873
2226,-0.060467046
2227,0.024347803
2228,0.06393823
2229,-0.023089737
2230,0.10207717
2231,0.01827005
2232,0.09898542
2233,-0.111123174
2234,0.03973357
2235,-0.085667096
2236,0.042635888
2237,0.07641791
2238,0.01809318
2239,-0.046612088
2240,-0.015537248
2241,-0.107451394
2242,0.0036175905
2243,-0.082015626
2244,0.0426682
2245,-0.007839456
2246,-0.038509622
2247,-0.028099533
2248,0.01574998
2249,0.0049590957
2250,-0.0253717
2251,0.023619462
2252,-0.01720821
2253,-0.1230867
2254,-0.010663889
2255,0.0009646395
2256,-0.037483852
2257,-0.035352554
2258,-0.07159096
2259,0.08313045
2260,0.036650304
2261,0.032558907
2262,0.069126114
2263,0.021316348
2264,-0.07378203
2265,-0.020330708
2266,0.08029441
2267,-0.041115977
2268,0.073372446
2269,0.002569003
2270,0.011683062
2271,0.088930376
2272,0.007460526
2273,0.017879957
2274,-0.12003099
2275,0.10008904
2276,-0.0023146127
2277,-0.002407027
2278,-0.08121105
2279,0.056015607
2280,-0.10369215
2281,0.07300688
2282,-0.013436919
2283,-0.04190303
2284,0.05632678
2285,-0.0041372776
2286,0.05787071
2287,-0.0036769584
2288,-0.09377381
2289,0.062222037
2290,-0.099032305
2291,0.0101825185
2292,0.02570787
2293,0.023073148
2294,-0.052330002
2295,-0.0563466
2296,0.054727968
2297,-0.05084513
2298,-0.07739327
2299,-0.016113827
2300,0.0727961
2301,0.03991769
2302,-0.02571833
2303,-0.0872025
2304,0.035806302
2305,0.03601039
2306,0.047550235
2307,-0.009605197
2308,-0.039530363
2309,-0.07440131
2310,-0.098908275
2311,0.084271036
2312,0.013024455
2313,-0.036530487
2314,-0.034880802
2315,-0.03935425
2316,0.06894172
2317,-0.029520482
2318,0.021321628
2319,-0.053218465
2320,-0.042339478
2321,0.04648225
2322,0.08423997
2323,-0.0054443707
2324,-0.017691037
2325,0.03594167
2326,0.031090183
2327,0.06924243
2328,0.03488249
2329,0.0026247948
2330,-0.045371994
2331,0.079300284
2332,0.04527562
2333,0.005436273
2334,-0.08839531
2335,0.022508932
2336,0.085850224
2337,0.017684128
2338,-0.020558828
2339,-0.007812216
2340,0.038931616
2341,-0.0018663281
2342,-0.048822217
2343,-0.06204967
2344,-0.096422754
2345,0.016969372
2346,0.044339195
2347,0.006041915
2348,0.119507074
2349,-0.019351767
2350,-0.051376183
2351,-0.003475829
2352,0.057367504
2353,0.076542504
2354,-0.08123828
2355,-0.02631201
2356,0.061076883
2357,0.06579539
2358,0.0045134984
2359,0.015959045
2360,0.01773352
2361,-0.06134966
2362,0.049604874
2363,-0.04681392
2364,0.040648043
2365,0.08203952
2366,0.023415115
2367,0.048102677
2368,0.035233915
2369,0.096099675
2370,-0.079462044
2371,0.028163506
2372,0.006184874
2373,0.056420334
2374,-0.049441915
2375,-0.017303718
2376,-0.030232117
2377,-0.14744341
2378,0.0030360722
2379,-0.07914003
2380,-0.014829231
2381,0.08885654
2382,-0.038502786
2383,-0.020851772
2384,-0.038674086
2385,0.0819062
2386,-0.0032961867
2387,0.046128653
2388,-0.10513658
2389,0.061365474
2390,-0.015665682
2391,0.0306221
2392,0.02127237
2393,0.013233523
2394,-0.07033774
2395,-0.021046026
2396,0.03954558
2397,0.0470944
2398,0.12302443
2399,0.03327599
2400,0.03745911
2401,0.038271386
2402,0.004383056
2403,0.067907125
2404,-0.06437194
2405,-0.05391862
2406,-0.027842475
2407,0.08243751
2408,0.008757561
2409,-0.020921426
2410,-0.0896403
2411,0.015258793
2412,0.0642726
2413,0.0012987242
2414,-0.043683358
2415,-0.03650438
2416,-0.014840158
2417,-0.0854373
2418,-0.058926333
2419,-0.07065729
2420,0.07055513
2421,0.05985741
2422,0.0119921975
2423,-0.12251438
2424,-0.03769769
2425,-0.048086815
2426,-0.080737844
2427,-0.03739225
2428,0.12321489
2429,0.13424368
2430,-0.007090719
2431,0.042547148
2432,0.064353876
2433,0.029027369
2434,-0.028980192
2435,-0.059789825
2436,0.061459392
2437,-0.063416004
2438,-0.01273475
2439,0.013139431
2440,0.023417573
2441,0.09301837
2442,0.007104776
2443,-0.08164274
2444,-0.0048016626
2445,-0.0027435536
2446,0.023273123
2447,0.051461942
2448,-0.0040940666
2449,0.021293987
2450,-0.09958142
2451,0.0057200566
2452,-0.031658225
2453,0.11884963
2454,-0.034748323
2455,0.040769003
2456,0.038271442
2457,-0.050007526
2458,0.025790282
2459,0.03465069
2460,-0.020004738
2461,-0.028822226
2462,0.022658236
2463,-0.04427971
2464,0.0599754
2465,-0.08659434
2466,0.12575726
2467,-0.071101576
2468,-0.05094369
2469,-0.09214218
2470,-0.021197991
2471,0.09017284
2472,-0.03233228
2473,0.105425715
2474,0.05722548
2475,-0.09365024
2476,0.075262725
2477,0.07767265
2478,-0.104211316
2479,0.018146275
2480,-0.037140578
2481,0.05178092
2482,-0.013241553
2483,0.10542502
2484,0.046232387
2485,-0.09876631
2486,0.08001318
2487,-0.06974488
2488,-0.010995706
2489,-0.03631916
2490,-0.007188029
2491,-0.007892843
2492,-0.037116762
2493,-0.009133322
2494,-0.10787139
2495,0.10043712
2496,0.09911984
2497,0.06838754
2498,-0.05474469
2499,0.060712893
2500,0.04213973
2501,0.08666813
2502,0.06295188
2503,0.017061478
2504,0.010698199
2505,-0.029502824
2506,0.018725138
2507,-0.011631578
2508,-0.018967174
2509,-0.04613121
